text,claimant,publisherName,reviewTitle,textualRating,date,mergedTextualRating,month
Video shows Ukrainian soldiers killing civilians in Chechnya,Social media,USA Today,Fact check: Viral video is clip from fictional 2014 movie,False,2022-03-09 00:00:00,false,2022-03
"Judge Ketanji Brown Jackson ‚Äúgave child porn offenders sentences below the guidelines and below what the prosecutors were requesting,‚Äù showing she is ‚Äúsoft on child pornography offenders.‚Äù",Josh Hawley,PolitiFact,Josh Hawley misleads on Judge Jackson and child pornography sentencing,Mostly False,2022-03-21 00:00:00,false,2022-03
"Joe Biden's cancellation of the Keystone pipeline ""dramatically increased Americans' dependence on Russian oil.""",Mike Pence,PolitiFact,Pence falsely blames Biden‚Äôs nixing of Keystone pipeline for US reliance on Russian oil,False,2022-03-07 00:00:00,false,2022-03
"""Judge Jackson has a pattern of letting child porn offenders off the hook for their appalling crimes, both as a judge and as a policymaker.‚Äù",Josh Hawley,The Washington Post,Analysis | Josh Hawley‚Äôs misleading attack on Judge Jackson‚Äôs sentencing of child-porn offenders,Three Pinocchios,2022-03-16 00:00:00,false,2022-03
"The CDC ‚Äúremoved tens of thousands of deaths linked to COVID-19, including nearly a quarter of deaths it had listed in those under 18 years old‚Äù","Zachary Stieber, Paul Sacca",Science Feedback,"CDC‚Äôs COVID Data Tracker revised COVID-19 deaths downward, but more reliable mortality data still indicate that COVID-19 is a major cause of death in the U.S.",Mostly_Accurate,2022-03-18 00:00:00,true,2022-03
‚ÄúShe [Russian billionaire Elena Baturina] gave him [Hunter Biden] $3.5 million so now I would think [Russian president Vladimir] Putin would know the answer to that. I think he should release it. I think we should know that answer.‚Äù,Donald Trump,The Washington Post,Analysis | Unraveling the tale of Hunter Biden and $3.5 million from Russia,Four Pinocchios,2022-03-29 00:00:00,false,2022-03
Comparing the price of oil and gas in June 2008 to March 2022 shows that oil companies are ‚Äúprice gouging.‚Äù,Facebook post,PolitiFact,Persistent high gas prices don‚Äôt prove price gouging,False,2022-03-14 00:00:00,false,2022-03
"Texts and posts were true that said cellphones were being hacked to steal banking information, and that the U.S. Department of Homeland Security had advised U.S. citizens to top off fuel and store up cash and food due to the situation in Ukraine in early 2022.",,Snopes,Facebook Posts About Homeland Security Memos and 'Hacked' Cellphones Are Misleading,Mixture,2022-03-28 10:40:21,false,2022-03
Footage shows a Ukrainian boy crossing the Polish border alone,Social media,USA Today,"Fact check: Viral video shows Ukrainian boy crossing Polish border with family, not alone",False,2022-03-08 00:00:00,false,2022-03
"Annie Edson Taylor, a 63-year-old schoolteacher, became the first person to survive a plunge to the bottom of Niagara Falls when she went over in a wooden barrel in 1901.",,Snopes,Was Annie Edson Taylor the 1st Person To Run Niagara Falls in a Barrel?,True,2022-03-13 01:00:00,true,2022-03
Video shows Russian forces storming Ukrainian president's home,Multiple,AFP Fact Check,"Video has circulated in reports about raid related to Mexican drug lord, not Ukrainian president",False,2022-03-06 00:00:00,false,2022-03
"A picture of U.S. President Joe Biden in front of the White House in March 2022 was ""staged"" or digitally altered to add trees.",,Snopes,Did Biden Admin Stage a White House Photo with Fake Trees?,False,2022-03-23 09:46:10,false,2022-03
‚ÄúUkraine has been shooting residents of Donetsk and Lugansk just because they wanted to speak Russian.‚Äù,Facebook posts,PolitiFact,No evidence to support claims that Ukraine is killing people,False,2022-03-20 00:00:00,false,2022-03
Ukrainian President Volodymyr Zelenskyy wore a Nazi symbol in public appearances in 2022.,,Snopes,"No, Volodymyr Zelenskyy Did Not Wear a Nazi Symbol",False,2022-03-17 08:03:39,false,2022-03
‚ÄúNew York state has already lost 99% of its historic freshwater wetlands.‚Äù,Sean Ryan,PolitiFact,Has N.Y. state lost 99% of its historical range of wetlands?,Mostly False,2022-03-03 00:00:00,false,2022-03
A video shows a 'huge' military convoy heading to Ukraine,Social media users,USA Today,Fact check: Russian military convoy not shown in old video of train,False,2022-03-01 00:00:00,false,2022-03
Nigerian police protest in northern Yobe state over unpaid allowances,Omoyele Sowore,AFP Fact Check,Misleading posts circulate old visuals of Nigerian police protesting over outstanding pay,Misleading,2022-03-25 00:00:00,false,2022-03
A Ukrainian combat medic who died in February was seen in a video Ukraine President Volodymyr Zelensky posted of his visit to see wounded soldiers.,Tweets,PolitiFact,"No, Zelensky hospital visit video doesn‚Äôt feature dead medic",False,2022-03-13 00:00:00,false,2022-03
"Biden ""wants to buy lithium from China for electric cars.""",Facebook posts,PolitiFact,"The Biden administration is trying to buy less lithium from China, not more",False,2022-03-14 00:00:00,false,2022-03
"‚ÄúCalifornia introduces new bill that would allow mothers to kill their babies up to 7 days after birth.""",Facebook post,PolitiFact,"No, this California bill wouldn't allow mothers to kill their children after they're born",False,2022-03-31 00:00:00,false,2022-03
"‚ÄúIt has been alleged that Putin is using a San Francisco-based e-NGO, the Sea Change Foundation (Sea Change), to funnel money into U.S.-based environmental advocacy efforts designed to undermine American energy production.""",Letter,The Washington Post,Analysis | The bogus ‚Äòallegation‚Äô that Putin is funding a California environmental charity,Four Pinocchios,2022-03-10 00:00:00,false,2022-03
A video shows drones putting out a high-rise fire in Ukraine,Social media,USA Today,"Fact check: Video of firefighting drones from China, not Ukraine",False,2022-03-12 00:00:00,false,2022-03
"""Putin‚Äôs latest attack on Ukraine was premeditated and totally unprovoked.""",Joe Biden,PolitiFact,Fact-checking Joe Biden's 2022 State of the Union speech,Accurate,2022-03-01 00:00:00,true,2022-03
Actor Leonardo DiCaprio donated $10 million to the International Visegrad Fund to aide Ukraine following Russia's invasion of the country in February 2022.,,Snopes,Did Leonardo DiCaprio Donate $10M to Ukraine via International Visegrad Fund?,False,2022-03-09 04:09:08,false,2022-03
A photograph shows a young Bill Clinton meeting President John F. Kennedy.,,Snopes,"Yes, This Photograph Shows Bill Clinton Meeting JFK",True,2022-03-18 08:54:36,true,2022-03
"Due to the supposedly harmful effects of pandemic lockdowns and masking, the Centers for Disease Control and Prevention (CDC) lowered its milestone standards for child speech development, stipulating that children should be expected to have a roughly 50-word vocabulary by 30 months of age instead of 24 months of age.",,Snopes.com,"Did CDC Lower Speech Milestones for Kids Due to Effects of Masking, Lockdowns?",Mostly False,2022-03-05 00:30:15,false,2022-03
"Dr. Anthony Fauci has become so unpopular that he has ""disappeared"" from public view.",Social media posts,FactCheck.org,Fauci Continues Making Public Appearances and Hasn't 'Disappeared',Distorts the Facts,2022-03-10 00:00:00,false,2022-03
"""U.S. President Joe Biden himself is involved in the creation of biolaboratories in Ukraine. An investment fund run by his sun (sic) Hunter Biden funded research and the implementation of the United States‚Äô military biological program.""",Vyacheslav Volodin,PolitiFact,"The facts behind the Russian, right-wing narratives claiming Hunter Biden funded biolabs in Ukraine",Misleading,2022-03-24 00:00:00,false,2022-03
"‚ÄúIn April 1997, there was a ‚Äògas out‚Äô conducted nationwide in protest of gas prices. Gasoline prices dropped 30 cents a gallon overnight.‚Äù",Facebook post,PolitiFact,A gas boycott isn‚Äôt a silver bullet solution to high prices,Pants on Fire,2022-03-17 00:00:00,false,2022-03
Photo shows a Home Depot worksheet on ‚Äúprivilege‚Äù used to train its employees.,Facebook posts,PolitiFact,Home Depot document on privilege isn‚Äôt for employee training,Half True,2022-03-22 00:00:00,false,2022-03
Video shows mainland Chinese medical workers camping in AsiaWorld-Expo?,Multiple sources,AFP Fact Check,"This video shows Chinese pandemic workers in eastern China, not Hong Kong",Misleading,2022-03-19 00:00:00,false,2022-03
Photo shows Ukrainian soldier kissing unborn child goodbye,Multiple sources,AFP Fact Check,Photo shows Slovakian soldier returning from Afghanistan in 2012 -- it does not relate to Ukraine,False,2022-03-02 00:00:00,false,2022-03
‚ÄúWorldwide data has confirmed the vaccinated are developing COVID vaccine-induced Acquired Immune Deficiency Syndrome.‚Äù,Bloggers,PolitiFact,"No, COVID-19 vaccines aren‚Äôt causing AIDS",False,2022-03-06 00:00:00,false,2022-03
"Five Wisconsin cities received money for the 2020 election from Mark Zuckerberg, which amounted to ""a wave of massive election bribery.""",Michael Gableman,PolitiFact,Courts have repeatedly upheld grants Gableman says amount to 'massive election bribery',Pants on Fire,2022-03-07 00:00:00,false,2022-03
Queensland chief health officer admits vaccinated dying from myocarditis,Multiple people,AFP Fact Check,Australian health official did not say vaccinated 'dying from myocarditis',False,2022-03-06 00:00:00,false,2022-03
Will Smith slapped Chris Rock ‚Äúto take attention away from Ukraine.‚Äù,Tweets,PolitiFact,"No evidence to support claim that Will Smith, Chris Rock conflict was staged to detract from Ukraine",False,2022-03-28 00:00:00,false,2022-03
"The door that saved Rose from dying in the 1997 film ""Titanic"" is on display at Disney Springs.",,Snopes,Is the Door from 'Titanic' on Display at Disney Springs?,True,2022-03-23 01:57:45,true,2022-03
Photo shows child whose parents died in the war in Ukraine,Social media,USA Today,"Fact check: Image of toddler amid rubble is from 2015 music video, not Ukraine conflict",False,2022-03-10 00:00:00,false,2022-03
"On March 9, 2022, the official Twitter account of the Embassy of the Russian Federation in the U.S. retweeted a post by Candace Owens that said, ‚ÄúRussian lives matter.‚Äù",,Snopes,Did Russian Embassy in US Retweet Candace Owens 'Russian Lives Matter' Post?,True,2022-03-14 02:33:02,true,2022-03
"‚ÄúIn other words, you're about 70 percent less likely to die if you take ivermectin compared to taking remdesivir‚Äù",John Campbell,Science Feedback,"Ivermectin wasn‚Äôt shown to be more effective than remdesivir, contrary to claim by John Campbell",Misleading,2022-03-06 00:00:00,false,2022-03
"‚ÄúAs the world rallies around Ukraine, Mike Lee was one of only two senators to oppose sanctions on Putin. Then he flew to the Kremlin and discussed dropping sanctions. Lee even opposed arming Ukrainians fighting for their lives.‚Äù",Evan McMullin,PolitiFact,Attack on GOP Utah Sen. Mike Lee over Russia is Mostly False,Mostly False,2022-03-06 00:00:00,false,2022-03
Horned human skulls and 7-foot skeletons were found in PA in the 1880s,Social media,USA Today,"Fact check: Horned humans, skeletons with gigantism not found in 1800s",False,2022-03-22 00:00:00,false,2022-03
"When an eagle loses a feather on one wing, it will automatically shed the same feather on the opposite wing to maintain balance.",,Snopes,"If a Bald Eagle Loses a Feather, Will It Symmetrically Shed Another to Maintain Balance?",Mixture,2022-03-12 02:00:20,false,2022-03
"A photograph shows Japan's Sessho-seki (""Killing Stone) after it broke in half in March 2022.",,Snopes,"Japan's 'Killing Stone,' Rumored To House an Evil Spirit, Has Split in Half",True,2022-03-07 03:07:22,true,2022-03
A photo of President Joe Biden boarding Marine One is 'staged',Social media user,USA Today,Fact check: Photo of Biden boarding Marine One is not 'staged',False,2022-03-25 00:00:00,false,2022-03
Joe Biden's sanctions on Russia ‚Äúare riddled with loopholes and don't even start for 30 days. They have carve outs for the energy and financial sectors.‚Äù,Mike Gibbons,PolitiFact,"Fact-checking whether Biden‚Äôs Russia sanctions over Ukraine didn‚Äôt start for 30 days, had loopholes",Half True,2022-03-01 00:00:00,false,2022-03
The United Nations sent out an email instructing staff not to use the words ‚Äúinvasion‚Äù or ‚Äúwar‚Äô‚Äù when referring to Ukraine.,Facebook posts,PolitiFact,"Claim that the UN told staff not to use ‚Äòwar,‚Äô ‚Äòinvasion‚Äô to describe Ukraine conflict needs context",Half True,2022-03-17 00:00:00,false,2022-03
"‚ÄúA secret backroom deal"" gave ""away hundreds of millions of tax dollars to a Soros-owned company.""",David Perdue,PolitiFact,"In Ga. governor race, David Perdue wrong that ‚Äòsecret‚Äô deal gives George Soros hundreds of millions",Mostly False,2022-03-29 00:00:00,false,2022-03
An image shows a Russian Su-34 aircraft shot down in Kyiv,Social media users,USA Today,"Fact check: Viral image shows WWII-era aircraft, not a Russian jet downed in Kyiv",False,2022-03-06 00:00:00,false,2022-03
Labels for genetically modified foods were changed to 'bio fortified',Social media,USA Today,"Fact check: 'Bioengineered,' not 'biofortified,' is new label for GMOs",False,2022-03-30 00:00:00,false,2022-03
Photos show celebrities reacting to Will Smith slapping Chris Rock.,Viral image,PolitiFact,"No, these aren‚Äôt photos of celebrities reacting to Will Smith slapping Chris Rock",False,2022-03-27 00:00:00,false,2022-03
"‚ÄúThe Space Foundation has erased the honors previously bestowed on Yuri Gagarin, the first man to ever be in space. His name was stripped ‚Äòin light of current events.‚Äô‚Äù",Facebook posts,PolitiFact,The Space Foundation didn‚Äôt revoke honors from Russian cosmonaut Yuri Gagarin,Mostly False,2022-03-20 00:00:00,false,2022-03
"Chris Rock made a ""heartbreaking recent post"" that ""has new meaning now.""",,Snopes.com,Did Chris Rock Make a 'Heartbreaking' Post?,False,2022-03-30 08:02:44,false,2022-03
Gas cost $9 a gallon in California in early March 2022.,Viral image,PolitiFact,"California gas prices are going up, but they‚Äôre not at $9",False,2022-03-04 00:00:00,false,2022-03
Ketanji Brown Jackson ‚Äúsays she gave pedophiles lighter sentences (because) it‚Äôs different when they use computers vs mail to get volumes of child porn. This makes ‚Äòtotal sense‚Äô according to Jackson.‚Äù,Jack Posobiec,PolitiFact,Viral tweet distorts Ketanji Brown Jackson‚Äôs answer on report about child porn sentencing,False,2022-03-22 00:00:00,false,2022-03
A Time magazine cover shows Vladimir Putin with Hitler‚Äôs mustache.,Viral image,PolitiFact,"No, this isn‚Äôt a real Time cover showing Putin with Hitler‚Äôs mustache",False,2022-03-02 00:00:00,false,2022-03
News agency Reuters is a Russian-owned company.,,Snopes,Is Reuters Russian-Owned?,False,2022-03-17 03:55:46,false,2022-03
Face masks contain a ‚Äúcancer-causing compound‚Äù; ‚Äúexposure to titanium dioxide ‚Äòsystematically exceeded the acceptable exposure level to TiO2 by inhalation‚Äô‚Äù,Joseph Mercola,Science Feedback,The presence of titanium dioxide in face masks hasn‚Äôt been associated with toxicity or any health problems,Misleading,2022-03-11 00:00:00,false,2022-03
‚ÄúMake no mistake: The current spike in gas prices is largely the fault of Vladimir Putin.‚Äù,Joe Biden,PolitiFact,How much blame does Putin deserve for high gasoline prices?,Mostly True,2022-03-14 00:00:00,true,2022-03
The first year that the Academy Awards live broadcast offered closed captions was in 2021.,,Snopes.com,Did the Oscars Not Offer Closed Captions Until 2021?,False,2022-03-28 08:15:53,false,2022-03
"""David McCormick fired Pennsylvanians and bragged about shipping their jobs to Asia.""",Mehmet Oz,PolitiFact,Dr. Oz claimed that GOP Senate rival McCormick ‚Äòbragged‚Äô about offshoring jobs. That lacks evidence,Mostly False,2022-03-17 00:00:00,false,2022-03
Video shows anti-war protest in Russia after Ukraine conflict in 2022,Multiple sources,AFP Fact Check,Misleading posts link old Russia protest video with Ukraine invasion,Misleading,2022-03-15 00:00:00,false,2022-03
‚ÄúThe reports of ongoing negotiations with Iran raise serious concerns about why the Administration is willing to engage and provide U.S. taxpayer dollars to a country adverse to America‚Äôs interest.‚Äù,18 House Republicans,The Washington Post,"Analysis | No, Biden‚Äôs new deal with Iran won‚Äôt involve ‚ÄòU.S. taxpayer dollars‚Äô",Four Pinocchios,2022-03-30 00:00:00,false,2022-03
"A black-and-white photograph of a crowded railway station looks like it could have been taken in 1941, but actually shows a scene from Ukraine in March 2022.",Facebook user,Full Fact,Photograph of crowded railway station is from Ukraine in March 2022 ‚Äì Full Fact,Correct.,2022-03-10 00:00:00,true,2022-03
Forecast proves images of Biden signing anti-lynching bill are fake,Social media,USA Today,"Fact check: Yes, Biden signed the Emmett Till Antilynching Act",False,2022-03-30 00:00:00,false,2022-03
A video shows a passenger's view as a Boeing 737 plane crashed in China in March 2022.,,Snopes,Was Boeing 737 Plane Crash in China Captured in This Video?,False,2022-03-21 01:45:07,false,2022-03
"Classified documents from Ukraine ‚Äúconfirm without a shadow of a doubt‚Äù that the Ukraine government was ‚Äúcovertly preparing an offensive operation against Donbas, scheduled for March 2022.‚Äù",Tweets,PolitiFact,"No, this document doesn‚Äôt show classified Ukrainian military orders to attack the Donbas region",False,2022-03-09 00:00:00,false,2022-03
‚ÄúAs your Lieutenant Governor‚Ä¶I cut your taxes.‚Äù,Rebecca Kleefisch,PolitiFact,Kleefisch didn‚Äôt have the power to cut taxes on her own as lieutenant governor,Mostly False,2022-03-28 00:00:00,false,2022-03
‚ÄúCities in notoriously ‚Äòtough on crime‚Äô states like Texas and Florida saw a more significant increase in violent crime than cities in NYS.‚Äù,Crystal Peoples-Stokes,PolitiFact,"In claim about crime in other states, context needed",Half True,2022-03-29 00:00:00,false,2022-03
Photos show Rihanna holding her newborn baby,Social media posts,USA Today,"Fact check: Old photos show Rihanna holding her niece, not her first child",False,2022-03-27 00:00:00,false,2022-03
"A mysterious collection of hobby horses, dubbed ""Ponyhenge,"" has grown into a herd in Lincoln, Massachusetts.",,Snopes,"Yes, This 'Rocking Horse Graveyard' Is Real",True,2022-03-20 02:00:53,true,2022-03
An image shows a captured Russian tank for sale on eBay,Social media users,USA Today,"Fact check: Russian tanks not for sale on eBay, company says",False,2022-03-02 00:00:00,false,2022-03
Hunter Biden‚Äôs payments from the Ukrainian oil and gas company Burisma Holdings ended with the Russian invasion of Ukraine.,Ted Nugent,FactCheck.org,"Hunter Biden Left Ukrainian Company in 2019, Contrary to Ted Nugent Post",False,2022-03-04 00:00:00,false,2022-03
‚ÄúWe are allowing human organisms to become bioweapon factories‚Äù,"Stew Peters, David Martin",Science Feedback,COVID-19 mRNA vaccines are safe; they don‚Äôt alter our DNA and aren‚Äôt subjected to federal regulation on bioweapons,Inaccurate,2022-03-23 00:00:00,false,2022-03
"Protesters in Lisbon, Portugal, lit up the Russian embassy in Lisbon with the colors of Ukraine's flag projected on the building.",,Snopes.com,"Yes, Portuguese Protesters Illuminated Russian Embassy With Ukraine's Flag",True,2022-03-21 08:24:36,true,2022-03
"""It hasn't been mandatory that any adverse events are reported"" to the Vaccine Adverse Event Reporting System following COVID-19 vaccination.",Jen DePice,FactCheck.org,Facebook Video Misrepresents CDC Report on COVID-19 Vaccine Boosters,False,2022-03-23 00:00:00,false,2022-03
Rep. Paul Gosar tweeted that he‚Äôs been called 'stupid' his whole life,Social media,USA Today,Fact check: Fake Paul Gosar tweet circulates after Romney critiques appearance with white nationalists,False,2022-03-12 00:17:19,false,2022-03
Image shows St. Louis Arch lit up with the colors of the Ukrainian flag,Social media users,USA Today,Fact check: Altered image falsely claims to show St. Louis Arch lit up with colors of Ukrainian flag,Altered,2022-03-01 00:00:00,false,2022-03
Scientists named an extinct relative of the octopus after U.S. President Joe Biden.,,Snopes,"Scientists Name Extinct, 10-Armed Octopus Ancestor After Biden",True,2022-03-20 01:00:29,true,2022-03
"‚ÄúOur economy created over 6.5 million new jobs just last year, more jobs in one year than ever before in the history of the United States of America.‚Äù",Joe Biden,PolitiFact,Fact-checking Joe Biden on scale of job gains in 2021,Half True,2022-03-02 00:00:00,false,2022-03
"At the start of the COVID-19 pandemic, Judge Ketanji Brown Jackson advocated that ‚Äúeach and every criminal defendant in D.C. Corrections custody should be released.‚Äù",Marsha Blackburn,PolitiFact,Marsha Blackburn misleads about Jackson‚Äôs record on releasing criminals during the pandemic,Mostly False,2022-03-21 00:00:00,false,2022-03
"The Disney Corporation vowed to help repeal Florida‚Äôs ‚ÄúDon't Say Gay‚Äù bill, saying it ‚Äúshould never have passed and should never have been signed into law.‚Äù",,Snopes.com,Did Disney Vow to Help Repeal the 'Don't Say Gay' Bill?,True,2022-03-29 06:56:59,true,2022-03
Poland is sending jets to a US air base in Germany to send to Ukraine,Social media,USA Today,Fact check: US rejected Polish plan to send fighter jets to Ukraine,False,2022-03-09 00:00:00,false,2022-03
Yogi Adityanath asking people to boycott Shah Rukh Khan's Pathaan,Multiple sources,AFP Fact Check,Video of hardline Hindu politician slamming Bollywood's Shah Rukh Khan is from 2015,Misleading,2022-03-23 00:00:00,false,2022-03
"The U.S. oil and gas industry has ""9,000 permits"" on federal land that ""they could be drilling right now"" to increase production and lower prices.",Joe Biden,FactCheck.org,Both Sides Spin Domestic Oil Production,Not the Whole Story,2022-03-08 00:00:00,false,2022-03
"Ketanji Brown Jackson has ""a weak record ‚Äî defund police, abolish ICE and now a completely open border policy.""",Mick McGuire,PolitiFact,Fact-checking claim on Judge Jackson‚Äôs record on immigration,Pants on Fire,2022-03-24 00:00:00,false,2022-03
"Video shows original biblical book of Esther from 1,500 years ago",Social media users,USA Today,"Fact check: Scroll in video has incoherent Hebrew lettering, not original book of Esther",False,2022-03-20 00:00:00,false,2022-03
Indonesian parliament officially postpones general elections,Multiple sources,AFP Fact Check,Posts misleadingly claim Indonesian parliament 'officially postponed' 2024 general elections,Misleading,2022-03-15 00:00:00,false,2022-03
"In March 2022, Ukrainian President Volodymyr Zelenskyy touched a microphone in a video, in satirical reference to a ""visual effects"" rumor about Russian President Vladimir Putin.",,Snopes,Did Zelenskyy 'Troll' Putin Over a Supposedly Fake Video?,Unproven,2022-03-08 06:13:53,false,2022-03
"‚ÄúThis Arabella group is funded by Soros and some other liberal billionaire ‚Ä¶ but they basically said, ‚ÄòIf you pick Childs you may have a primary opponent.‚Äô""",Lindsey O. Graham,The Washington Post,Analysis | Graham‚Äôs false claim that Arabella Advisors targeted Judge Childs,Four Pinocchios,2022-03-21 00:00:00,false,2022-03
‚ÄúCDC is no longer releasing data comparing vaccinated vs unvaccinated deaths & hospitalizations.‚Äù,Social media posts,FactCheck.org,"COVID-19 Data Comparing Vaccinated vs. Unvaccinated Continue to Be Available, Contrary to Viral Posts",False,2022-03-26 00:00:00,false,2022-03
Costco is discontinuing rotisserie chickens effective immediately.,,Snopes.com,Are Costco Rotisserie Chickens Being Discontinued?,False,2022-03-22 08:31:47,false,2022-03
"NATO airstrikes in Libya in 2011 caused over 500,000 civilian casualties",Social media user,USA Today,"Fact check: False claim that NATO airstrikes killed 500,000 in Libya",False,2022-03-14 00:00:00,false,2022-03
Joe Biden didn‚Äôt sign an antilynching bill in a ceremony outside the White House on March 29.,Facebook posts,PolitiFact,"Yes, Joe Biden signed an antilynching bill at the White House on March 29",False,2022-03-30 00:00:00,false,2022-03
"Says Gov. Tony Evers gave $2.4 million in COVID relief money to Planned Parenthood affiliates throughout Wisconsin ‚Äúto bail them out and fund abortions.""",Rebecca Kleefisch,PolitiFact,"COVID money went to Planned Parenthood, but not abortions",Mostly False,2022-03-09 00:00:00,false,2022-03
Disney CEO Bob Chapek was arrested for child trafficking,Social media posts,USA Today,Fact check: Viral posts spread false claim about Disney CEO Bob Chapek,False,2022-03-18 00:00:00,false,2022-03
TikTok video creator Elyse Myers' official Facebook page is located at facebook.com/Elyse-Myers-107463691756865.,,Snopes,Is This Elyse Myers' Official Facebook Page?,False,2022-03-08 08:16:28,false,2022-03
Shoes with backwards heels were worn by spies to foil spy hunters.,,Snopes,"No, These Shoes Weren't Worn by Spies To Foil Spy Hunters",False,2022-03-19 01:00:18,false,2022-03
‚ÄúWladimir Klitschko has auctioned off his 1996 Atlanta Olympic Games gold medal to raise money for the children of Ukraine.‚Äù,Facebook posts,PolitiFact,"Ukrainian boxing star auctioned Olympic gold medal in 2012, long before Russia‚Äôs war in Ukraine",Half True,2022-03-15 00:00:00,false,2022-03
"The United States was still importing energy products, including oil, from Russia after the latter invaded Ukraine in early 2022.",,Snopes,Was the US Still Buying Oil From Russia in Early 2022?,True,2022-03-07 04:16:17,true,2022-03
"""We were energy independent one year ago.""",Donald Trump,FactCheck.org,Examining U.S. 'Energy Independence' Claims,Not the Whole Story,2022-03-02 00:00:00,false,2022-03
A video shows a 'dead' Ukrainian smoking a cigarette,,USA Today,Fact check: Dead Ukrainian not shown in video of man smoking,False,2022-03-15 00:00:00,false,2022-03
Deceased Ukrainian fighter pilot Col. Oleksandr Oksanchenko was the ‚ÄúGhost of Kyiv.‚Äù,Facebook,PolitiFact,"Ukraine recognized downed pilot as ‚Äòhero,‚Äô but claims he was the ‚ÄòGhost of Kyiv‚Äô are unsubstantiated",False,2022-03-04 00:00:00,false,2022-03
Jan. 6 defendants ‚Äúare being held in prison without being charged.‚Äù,Kari Lake,PolitiFact,Arizona GOP candidate Kari Lake wrongly says Jan. 6 defendants are in prison without charges,False,2022-03-13 00:00:00,false,2022-03
"CNN aired footage of a crude oil tank farm fire in Edmonton, Canada, to represent an explosion in Lviv, Ukraine.",,Snopes.com,"Did CNN Show Edmonton, Canada, Fire Video as if It Were Lviv Explosion?",False,2022-03-28 03:49:01,false,2022-03
A Wisconsin school district has a 'furry protocol',Social media,USA Today,Fact check: Wisconsin school district doesn't have 'furry protocol',False,2022-03-31 00:00:00,false,2022-03
Video shows Ukrainian crisis actors come to life after pretending to be dead.,Tweets,PolitiFact,This video is from a climate change protest in Austria. It doesn‚Äôt show crisis actors in Ukraine,False,2022-03-01 00:00:00,false,2022-03
"The ""Mystery Flesh Pit National Park"" is a real place that was shut down in 2007 after hundreds of mysterious deaths.",,Snopes,Is 'Mystery Flesh Pit National Park' a Real Place?,False,2022-03-31 01:02:32,false,2022-03
"‚ÄúWe used to invest almost 2% of our GDP in research and development. We don‚Äôt now.""",Joe Biden,FactCheck.org,FactChecking Biden's State of the Union Address,Misleading,2022-03-01 00:00:00,false,2022-03
Poisonous hammerhead worms are invading the U.S. and can replicate when being cut into multiple pieces.,,Snopes.com,Are Poisonous Hammerhead Worms 'Invading' Parts of the US?,Mostly True,2022-03-28 08:59:28,true,2022-03
'Not one raw footage video' has come out of Ukraine,Social media,USA Today,Fact check: Photos and videos from Ukraine show Russian invasion,False,2022-03-12 00:00:00,false,2022-03
"""Marco Rubio is following his party bosses, like Rick Scott, with his plan to raise taxes on Florida's working families, retirees and veterans.""",Val Demings,PolitiFact,No proof for Val Demings claim that Marco Rubio backs tax hikes like those indicated in Scott‚Äôs plan,False,2022-03-06 00:00:00,false,2022-03
‚ÄúWe haven‚Äôt seen a single American megachurch offer anything to help Ukrainians.‚Äù,Tweets,PolitiFact,"American megachurches are offering support to Ukraine, despite claims on social media",False,2022-03-16 00:00:00,false,2022-03
This video shows Ukrainian forces shooting down Russian jets.,Multiple sources,AFP Fact Check,Video game clip falsely shared as Ukraine firing on Russian jets,False,2022-03-23 00:00:00,false,2022-03
"""[Pennsylvania Republican candidate for U.S. Senate Mehmet] Oz was a spokesman for a group who wanted to defund the police.‚Äù",Pennsylvania Conservative Fund,FactCheck.org,Misleading 'Defund the Police' Attack on Dr. Oz,Misleading,2022-03-21 00:00:00,false,2022-03
"""Hunter Biden‚Äôs Rosemont Seneca investment fund financed the Pentagon‚Äôs military biological program in Ukraine.""",Igor Kirillov,The Washington Post,Analysis | The truth about Hunter Biden and the Ukrainian ‚Äòbio labs‚Äô,Four Pinocchios,2022-03-24 00:00:00,false,2022-03
Differences in ocean and the atmospheric warming are not explained by climate change science,Social media users,USA Today,"Fact check: Warming varies across oceans and atmosphere, doesn't contradict climate change",False,2022-03-31 00:00:00,false,2022-03
Video shows Cruz saying Fauci committed perjury and should be locked up,Social media,USA Today,Fact check: Video miscaptions Ted Cruz remarks,False,2022-03-23 00:00:00,false,2022-03
"On March 26, 2022, former President Donald Trump hit a hole-in-one at his West Palm Beach, Florida, golf course.",,Snopes,Did Donald Trump Really Hit a Hole-in-One?,Unproven,2022-03-31 03:30:23,false,2022-03
More than 75 percent of the rainforest is losing resilience; More than half of the rainforest could be converted into savanna in a matter of decades,Sarah Kaplan,Science Feedback,"More than 75 percent of the Amazon rainforest is losing resilience, as described by the Washington Post",Mostly_Accurate,2022-03-07 00:00:00,true,2022-03
"""There is no evidence, other than models, that human CO2 emissions drive climate change and abundant evidence that the Sun, coupled with natural climate cycles, drives most, if not all, of recent climate changes""",Andy May,Science Feedback,"Robust scientific evidence supports that human activity drives global warming, contrary to claims in a CO2 Coalition blog post by Andy May",Incorrect,2022-03-03 00:00:00,false,2022-03
A photo of President Joe Biden leaving for Europe that the White House tweeted wasn‚Äôt actually taken on March 23.,Viral image,PolitiFact,"No, these trees don‚Äôt prove White House tweeted an old photo of Joe Biden",False,2022-03-23 00:00:00,false,2022-03
Photos show 'angel'-like cloud formations over Kyiv amid Russian siege,Social media users,USA Today,Fact check: Claimed 'angel' cloud images over Kyiv are years old,False,2022-03-02 00:00:00,false,2022-03
There are U.S.-funded bioweapon labs in countries surrounding Russia; ‚ÄúPentagon Funded Bio-Weapons Labs in the Ukraine‚Äù,Social media users,Science Feedback,There is no evidence of U.S.-funded bioweapon labs in Ukraine; claims to the contrary misrepresent the U.S. Cooperative Threat Reduction Program,Unsupported,2022-03-05 00:00:00,false,2022-03
Photo shows a young girl preparing to fight in Ukraine,Social media,USA Today,Fact check: Photo of 9-year-old armed girl in Ukraine was staged,False,2022-03-15 00:00:00,false,2022-03
A photo shows a Ukrainian farmer towing a captured Russian jet,Social media,USA Today,"Fact check: Photo of tractor towing jet from Croatia in 2011, not Russian invasion",False,2022-03-10 00:00:00,false,2022-03
A video shows American soldiers parachuting into Ukraine,Social media,USA Today,"Fact check: Video shows US troops training in NC, not in Ukraine",False,2022-03-07 00:00:00,false,2022-03
Image shows China Eastern Airlines plane in a nosedive,Social media,USA Today,Fact check: Image in viral post is not China Eastern Flight 5735,False,2022-03-22 00:00:00,false,2022-03
"In March 2022, U.S. Rep. Paul Gosar defended himself from criticism with a tweet in which he indicated he had been called ""stupid"" for his whole life.",,Snopes,"No, Paul Gosar Did Not Tweet 'I've Been Called Stupid My Whole Life'",False,2022-03-04 01:08:57,false,2022-03
The Strategic Petroleum Reserve has ‚Äúbeen mostly empty‚Äù for decades.,Donald Trump,PolitiFact,Donald Trump wrong that Strategic Petroleum Reserve has been ‚Äòmostly empty‚Äô for decades,False,2022-03-31 00:00:00,false,2022-03
Russian President Vladimir Putin ‚Äúwas assassinated.‚Äù,Bloggers,PolitiFact,Clickbait headline about Vladimir Putin‚Äôs supposed assassination is wrong,Pants on Fire,2022-03-19 00:00:00,false,2022-03
"A ‚Äúbaby‚Äôs immune system‚Äù cannot ‚Äúsafely handle 8 different antigens üíâ (toxins, bacteria, DNA) in 1 day‚Äù",Facebook Users,Science Feedback,Infants‚Äô immune systems are perfectly able to safely cope with several vaccines in one day,Inaccurate,2022-03-23 00:00:00,false,2022-03
"Disney theme parks have an ""Aladdin Exception"" rule that allows the actor portraying the character Aladdin to kill guests if absolutely necessary.",,Snopes.com,"The 'Aladdin Exception'? No, Aladdin is Not Allowed to Kill Disney Guests",False,2022-03-31 05:26:51,false,2022-03
"‚ÄúSenate Republicans‚Äô plan"" would ""end Social Security"" and ""end Medicare.""",Democratic Senatorial Campaign Committee,PolitiFact,"Democratic ad exaggerates GOP embrace and scope of Scott's proposal on Social Security, Medicare",Mostly False,2022-03-29 00:00:00,false,2022-03
"President Biden: Tonight I am announcing that we are joining our allies in closing off American air space to all Russian flights ‚Äî further isolating Russia and adding an additional squeeze on their economy. [Russian President Vladimir Putin] has no idea what's coming. The ruble has lost 30% of its value. The Russian stock market has lost 40% of its value, and trading remains suspended.",Joe Biden,CBS News,Fact check: Joe Biden's State of the Union address,True,2022-03-01 00:00:00,true,2022-03
Wearing masks is ‚ÄúCOVID theater‚Äù and ‚Äúnot doing anything.‚Äù,Ron,PolitiFact,Florida Gov. Ron DeSantis mischaracterizes the efficacy of face masks,False,2022-03-02 00:00:00,false,2022-03
Rep. Marjorie Taylor Greene refused to applaud Ukrainian President Zelenskyy when he spoke before the U.S. Congress.,,Snopes.com,"No, Rep. Marjorie Taylor Greene Didn't Refuse To Applaud Zelenskyy",False,2022-03-17 01:20:51,false,2022-03
Chinese officer announced death penalty for not wearing a mask,Multiple sources,AFP Fact Check,Misleading video suggests people in China 'face death penalty for not wearing a mask',Misleading,2022-03-27 00:00:00,false,2022-03
Biden passed a $1.5 trillion bill at 1 a.m. without notifying Republicans,Social media,USA Today,Fact check: $1.5 trillion spending bill was a bipartisan effort,False,2022-03-15 00:00:00,false,2022-03
Encephalitis caused by Pfizer's Covid-19 vaccine,Multiple sources,AFP Fact Check,"No evidence that Pfizer-BioNTech vaccine causes encephalitis, health experts say",False,2022-03-09 00:00:00,false,2022-03
"Ketanji Brown Jackson ""gave a lecture talking about critical race theory as one of the components to consider when you are making decisions on the bench.""",Marsha Blackburn,PolitiFact,Tenn. Sen. Marsha Blackburn wrong about Ketanji Brown Jackson and critical race theory,False,2022-03-22 00:00:00,false,2022-03
A photograph shows a group of strollers that were left at a train station in Poland for refugees fleeing Ukraine.,,Snopes,Were Strollers Left at Poland Train Station for Ukraine Refugees?,True,2022-03-07 00:22:47,true,2022-03
Republicans ‚Äúnominated the 1st Black woman to the SCOTUS & she was BLOCKED & filibustered by‚Ä¶ Joe Biden.‚Äù,Viral image,PolitiFact,"No, Janice Rogers Brown wasn‚Äôt the first Black woman nominated to the Supreme Court",False,2022-03-25 00:00:00,false,2022-03
"""So after 50 years of being virtually empty, I built up our oil reserves during my administration ... to 100% full. It‚Äôs called the Strategic National Reserves, and it hasn‚Äôt been full for many decades.""",Donald Trump,FactCheck.org,"Strategic Petroleum Reserve Oil Stocks Declined Under Trump, Contrary to His Claim",False,2022-03-31 00:00:00,false,2022-03
Foo Fighters drummer Taylor Hawkins died from a COVID-19 vaccine.,Facebook posts,PolitiFact,Social media post claims without evidence Foo Fighters drummer Taylor Hawkins died from COVID-19,False,2022-03-27 00:00:00,false,2022-03
Amnesty never visited the Philippines while Ferdinand Marcos was in power,Multiple sources,AFP Fact Check,Misleading claim about Marcos human rights abuses resurfaces ahead of 2022 Philippine polls,Misleading,2022-03-03 00:00:00,false,2022-03
A 1997 boycott lowered gas prices by 30 cents a gallon in one day,Social media users,USA Today,Fact check: False claim that 1997 boycott lowered gas prices in a day,False,2022-03-17 00:00:00,false,2022-03
Russia bombed a Biden-owned villa and several U.S. biolabs in Ukraine.,,Snopes,'Putin Bombs Biden-Owned Villa' Claim Comes from Far-Right Fantasy Website,False,2022-03-04 08:24:37,false,2022-03
"""The model Marianna ‚Ä¶ posed for the photo shoots in the ruins"" of the maternity hospital in Mariupol.",Social media posts,FactCheck.org,Social Media Posts Misrepresent Victims of Hospital Bombed in Mariupol,False,2022-03-10 00:00:00,false,2022-03
The video shows the first Hindu temple in Saudi Arabia,Multiple,AFP Fact Check,"Video shows rendition of Hindu temple being built in UAE, not Saudi Arabia",Misleading,2022-03-29 00:00:00,false,2022-03
"Says Ron Johnson ""is supporting the Republican plan that phases out Social Security and Medicare.""",Alex Lasry,PolitiFact,"Ron Johnson has not endorsed plan to phase out of Social Security, Medicare",Mostly False,2022-03-16 00:00:00,false,2022-03
"Allegations against Mayim Bialik ""have been confirmed."" Also, she has endorsed CBD gummies.",,Snopes,"Mayim Bialik Targeted in Phony CBD Gummies Endorsement, False Allegations",False,2022-03-14 04:40:22,false,2022-03
"A baby‚Äôs immune system can‚Äôt handle antigens from vaccines, because new food must be introduced slowly to identify allergic reactions.",Facebook posts,PolitiFact,"Social media post makes inaccurate comparison between antigens in vaccines, food allergies",False,2022-03-23 00:00:00,false,2022-03
"A photo shows ""NATO resupplying Ukrainian farmers anti-tank supplies.""",Facebook posts,PolitiFact,Viral image of helicopter lifting tractor does not show NATO ‚Äòresupplying Ukrainian farmers‚Äô,False,2022-03-10 00:00:00,false,2022-03
"‚ÄúThe facts are clear here. This is unbelievable. You have the wife of a sitting Supreme Court justice advocating for an insurrection, advocating for overturning a legal election to the sitting president‚Äôs chief of staff.‚Äù",Amy Klobuchar,The Washington Post,Analysis | Klobuchar claims Ginni Thomas advocated ‚Äòfor an insurrection‚Äô,Two Pinocchios,2022-03-27 00:00:00,false,2022-03
‚ÄúI‚Äôve been in and out of Iraq and Afghanistan over 40 times.‚Äù,Joe Biden,PolitiFact,"Biden exaggerates trips to Iraq, Afghanistan in State of the Union address",False,2022-03-01 00:00:00,false,2022-03
Ukrainian President Volodymyr Zelensky wore a Nazi cross symbol.,Facebook posts,PolitiFact,"Zelenskyy‚Äôs shirt bears emblem of Ukraine armed forces, not Nazi cross",False,2022-03-16 00:00:00,false,2022-03
"Ukraine is not an independent country, as affirmed by former U.N. Secretary General Ban Ki-moon.",,Snopes.com,"No, the UN Did Not Say, 'The State of Ukraine Does Not Exist'",False,2022-03-04 08:13:15,false,2022-03
‚ÄúA West Virginia inspection sticker on an Uber‚Äù proves the car was not in Ukraine.,Facebook,PolitiFact,"Video of shot up car taken in Ukraine, not West Virginia",False,2022-03-13 00:00:00,false,2022-03
"‚ÄúOver the course of two months, Tony Evers refused to remove (Curtis Schmitt Jr.) from the (state‚Äôs veterans) Board despite having the authority to do (so).‚Äù",Kevin Nicholson,PolitiFact,"No, Evers didn‚Äôt refuse to remove vets board chair who was charged with possession of child porn",False,2022-03-28 00:00:00,false,2022-03
Eco-friendly electric vehicles (EVs) are bad for the environment.,,Snopes,Are Electric Vehicles and Batteries Bad for the Environment?,Mixture,2022-03-28 08:00:22,false,2022-03
"The movie ""Anastasia"" was removed from Disney+ in protest of Russia's invasion of Ukraine.",,Snopes,Was 'Anastasia' Removed from Disney+ To Protest Invasion of Ukraine?,Mostly False,2022-03-04 01:25:39,false,2022-03
"Republicans nominated the first Black woman to the Supreme Court, but she was blocked by Biden",Social media users,USA Today,Fact check: Ketanji Brown Jackson was the first Black woman nominated to the Supreme Court,False,2022-03-25 00:00:00,false,2022-03
‚ÄúCOVID Deaths Have Been Vastly Overcounted‚Äù,Joseph Mercola,Science Feedback,Claim that COVID-19 deaths have been ‚Äúvastly overcounted‚Äù is baseless; the evidence suggests the opposite,Inaccurate,2022-03-01 00:00:00,false,2022-03
Video clip shows leaked ballot paper from Philippines' election commission,Multiple sources,AFP Fact Check,Philippine election watchdog rejects video of 'leaked' ballot paper,False,2022-03-29 00:00:00,false,2022-03
John F. Kennedy Jr. is alive and the author of anonymous QAnon messages.,Facebook posts,PolitiFact,"No, JFK Jr. isn‚Äôt alive (or behind anonymous QAnon messages)",Pants on Fire,2022-03-24 00:00:00,false,2022-03
Photo shows Ukrainian tractor towing Russian rocket,Social media users,USA Today,Fact check: Altered photo of tractor towing Russian rocket began as satire,Altered,2022-03-10 00:00:00,false,2022-03
Chris Rock issued a statement apologizing to Smith family,Social media,USA Today,Fact check: False claim that Chris Rock apologized after Oscars slap,False,2022-03-28 00:00:00,false,2022-03
"Two years ago we were ‚Äúdrilling our own oil for $27 a barrel.‚Äù Now, thanks to Joe Biden, we‚Äôre ‚Äúpaying $105 a barrel to Russia.‚Äù",Facebook posts,PolitiFact,Social media post on drilling and cost of Russian oil misses the mark on why prices are so high,False,2022-03-06 00:00:00,false,2022-03
This video shows a triple-jabbed doctor in Australia collapsing mid-surgery,Multiple sources,AFP Fact Check,This video has circulated since January 2020 -- before any Covid-19 vaccines were available,False,2022-03-18 00:00:00,false,2022-03
"""Donald Trump's appeasement of Putin wasn't just a personal act of treason, it's the Republican Party's official position.""",VoteVets,PolitiFact,"Trump acts not treason and GOP platform, reducing Ukraine support, doesn‚Äôt officially appease Putin",Mostly False,2022-03-02 00:00:00,false,2022-03
"Ben Shapiro tweeted about the idea of having a ""beautiful"" and ""hot sister"" and said he stares at her pictures for hours.",,Snopes.com,Did Ben Shapiro Tweet About a 'Hot' and 'Beautiful' Sister?,False,2022-03-23 06:23:08,false,2022-03
"In seven child porn cases, ""Judge Jackson handed down a lenient sentence that was below what the federal guidelines recommended and below what prosecutors requested.""",Josh Hawley,FactCheck.org,The Facts on Judge Jackson‚Äôs Sentencing in Child Porn Cases,Not the Whole Story,2022-03-22 00:00:00,false,2022-03
"""Ukrainian President [Zelensky] fled Kiev abandoning his people [and] broadcasts Presidential videos with a green screen.""",Social media post,FactCheck.org,"Zelensky Remains in Ukraine, Despite False Claims on Social Media",No Evidence,2022-03-19 00:00:00,false,2022-03
These photos show victims of mosque attack in India,Multiple,AFP Fact Check,Photos of India citizenship law protest misrepresented as 'mosque attack victims',False,2022-03-29 00:00:00,false,2022-03
"A viral meme claimed opossums are immune to rabies and ate up to 5,000 ticks annually, thus stopping the spread of Lyme disease.",,Snopes,Are Opossums 'Nature's Pest Control' and 'Clean-up Crew'?,Mostly False,2022-03-23 07:30:02,false,2022-03
"Images show Russian-bombed Aleppo, Syria, and Kyiv, Ukraine",Social media user,USA Today,"Fact check: Kyiv, Mosul photos taken out of context amid Ukraine war",False,2022-03-13 00:00:00,false,2022-03
Answering a text message allows human traffickers to track your location,Multiple people,AFP Fact Check,No evidence text messages are sent by human traffickers,No evidence,2022-03-19 00:00:00,false,2022-03
"""Republicans‚Äô plan would make Social Security disappear.""",DSCC,FactCheck.org,"Democrats Misleadingly Claim 'Republicans' Plan' Would 'End' Social Security, Medicare",Misleading,2022-03-29 00:00:00,false,2022-03
"The Russian airstrike on a maternity hospital in Mariupol, Ukraine, had ‚Äúthe makings of yet another false flag operation‚Äù led by the U.S.",Pearson Sharp,PolitiFact,One America News runs conspiratorial segment claiming strike on Mariupol hospital was US false flag,Pants on Fire,2022-03-11 00:00:00,false,2022-03
"""Russian president Vladimir Putin meets with South Korean President.""",Social media posts,FactCheck.org,"Old, Mislabeled Video Circulating Amid Russia's Invasion of Ukraine",False,2022-03-06 00:00:00,false,2022-03
"COVID-19 treatment ""remdesivir is proven to kill lives.""",Bryan Ardis,FactCheck.org,"Clinical Trials Find No Increase in Mortality Among COVID-19 Patients Treated with Remdesivir, Contrary to Viral Claim",False,2022-03-04 00:00:00,false,2022-03
"George Soros is wanted in Russia, declared a 'global terrorist' in China",,USA Today,"Fact check: False claims about George Soros and Russia, China",False,2022-03-24 00:00:00,false,2022-03
"In early March 2022, the United Nations banned its staff from using the word ‚Äúwar‚Äù in reference to Russia's invasion of Ukraine.",,Snopes,Did UN Ban the Word 'War' Regarding Russia's Invasion of Ukraine?,Mixture,2022-03-08 00:47:00,false,2022-03
"‚ÄúOne year ago, these were side effects that Pfizer knew about"" that ""can cause you to die in any number of truly horrific ways.""",Liz Wheeler,FactCheck.org,Posts Misinterpret Pfizer COVID-19 Vaccine Safety Monitoring Document,False,2022-03-06 00:00:00,false,2022-03
"In 2022, members of Congress collectively voted to award themselves a 21 percent pay raise.",,Snopes.com,Did Congress 'Give Itself a 21% Raise' in 2022?,Mostly False,2022-03-16 07:20:12,false,2022-03
A photograph shows Ukrainian President Volodymyr Zelenskyy holding a swastika jersey.,,Snopes,Zelenskyy Swastika Jersey Pic is Fake,False,2022-03-07 05:26:46,false,2022-03
House Speaker Nancy Pelosi read a poem by Bono about Ukraine during a luncheon in March 2022.,,Snopes,Did Pelosi Read a Poem by Bono About Ukraine?,True,2022-03-17 04:14:59,true,2022-03
"CNN staged a fire in Edmonton, Canada, and claimed it was filmed in Ukraine.",Viral image,PolitiFact,"No, this Edmonton jacket isn‚Äôt proof CNN staged a fire as part of its Ukraine coverage",False,2022-03-28 00:00:00,false,2022-03
The Beatles were once photographed holding upside-down crosses.,,Snopes,Were the Beatles Photographed Holding Upside-Down 'Satanic' Crosses?,False,2022-03-20 03:00:11,false,2022-03
Video shows downed Russian fighter jet on highway,Social media,USA Today,Fact check: Star Wars video circulating online as footage of a downed Russian fighter plane,False,2022-03-02 00:00:00,false,2022-03
SpaceX CEO Elon Musk donated Starlink terminals to Ukraine following the Russian invasion in February 2022.,,Snopes,"Yes, Elon Musk Sent Starlink Terminals to Ukraine, But at What Safety Cost?",True,2022-03-02 03:57:33,true,2022-03
"There are no live television broadcasts in Russia, protest was staged",Social media,USA Today,"Fact check: Russian news programs are broadcast live, experts say",False,2022-03-15 00:00:00,false,2022-03
World Economic Forum Chair Klaus Schwab said the internet must be reformed,,USA Today,"Fact check: False claim about World Economic Forum, Klaus Schwab",Altered,2022-03-31 21:04:43,false,2022-03
"An image shows an eBay listing for a ""used"" Russian tank that was recently seized by Ukrainians.",,Snopes,Are Ukrainians Selling Used Russian Tanks on eBay?,False,2022-03-02 04:02:40,false,2022-03
Video shows Chinese-made robot dancers in Shanghai Disneyland,Multiple sources,AFP Fact Check,"Video shows human dancers in Russia, not 'robots in Shanghai Disneyland'",False,2022-03-11 00:00:00,false,2022-03
A collage shows reactions to Will Smith slapping Chris Rock at the Oscars,Social media user,USA Today,Fact check: Collage of actors from 2017 Oscars doesn't show reactions to Will Smith slap,False,2022-03-27 00:00:00,false,2022-03
"For more than a century, the U.S. Senate voted on Supreme Court nominations without holding hearings until the first Jewish nominee, Louis Brandeis, in 1916.",,Snopes,Did Senate Hearings for Supreme Court Start With First Jewish Nominee?,Mostly True,2022-03-30 05:56:52,true,2022-03
The study by R√∂ssner et al. ‚Äúadd[ed] further evidence for the usefulness of vaccines and their clear advantage over natural immunity‚Äù,Beth Mole,Science Feedback,"Study brings new, but not conclusive, evidence on the comparative effectiveness of infection-induced and vaccine-induced immunity",Mostly_Accurate,2022-03-24 00:00:00,true,2022-03
A photograph shows a Ukrainian farmer stealing a Russian soyuz rocket with the help of a tractor.,,Snopes.com,Did Ukrainian Farmer Steal Russian Soyuz Rocket?,False,2022-03-21 01:58:23,false,2022-03
Gas prices are high ‚Äúdue to the Democrats‚Äô war on fossil fuels.‚Äù,Ron Johnson,PolitiFact,"No, Democrats aren‚Äôt responsible for rising gas prices",Mostly False,2022-03-18 00:00:00,false,2022-03
A photograph shows Russian President Vladimir Putin riding a bear.,,Snopes,"No, Putin Doesn't Ride Bears",False,2022-03-14 01:25:28,false,2022-03
A video shows the destruction of Russian military aircraft and tanks,Social media users,USA Today,"Fact check: Footage of helicopter attacking convoy is from video game, not invasion of Ukraine",False,2022-03-15 00:00:00,false,2022-03
CNN tweeted a picture of a Serbian resort and said it was in Ukraine.,Viral image,PolitiFact,Supposed CNN tweet about hotel is altered,False,2022-03-21 00:00:00,false,2022-03
A video shows a replica of the Tower of Babel being burned in Russia.,,Snopes,Was a 'Tower of Babel' Burned to the Ground in Russia?,True,2022-03-15 01:31:05,true,2022-03
Ukraine announced it's the first country to implement the 'Great Reset' through a mobile app,Social media users,USA Today,Fact check: No connection between Ukrainian app and 'Great Reset',False,2022-03-18 00:00:00,false,2022-03
Swimmer Reka Gyorgy was suspended from Twitter for criticizing Lia Thomas.,,Snopes,Was Reka Gyorgy Banned by Twitter for Criticizing Lia Thomas?,False,2022-03-23 01:38:43,false,2022-03
Police discovered 700 bodies in the backyard of a Florida millionaire,Social media,USA Today,Fact check: False claim that a Florida millionaire was arrested for burying 700 bodies,False,2022-03-09 00:00:00,false,2022-03
‚ÄúPutin bombs Biden-owned villa in Ukraine while hammering biolabs & pedophile rings.‚Äù,Bloggers,PolitiFact,"Story that claims Putin bombed a Biden-owned villa and 'hammered' biolabs, pedophile rings is bogus",Pants on Fire,2022-03-02 00:00:00,false,2022-03
Canadian sniper 'Wali' was killed by Russian forces in Ukraine,Social media,USA Today,Fact check: Posts make false claims about Canadian sniper Wali,False,2022-03-16 00:00:00,false,2022-03
Photo posted March 22 on Facebook shows an American fighter jet intercepting a Russian bomber near Alaskan airspace.,Facebook post,FactCheck.org,Viral Photo of Russian Bomber Shows Incident from 2020,Misleading,2022-03-22 00:00:00,false,2022-03
Safety surveillance data in the Pfizer‚Äôs document shows harmful effects of the Pfizer-BioNTech COVID-19 vaccine,"Liz Wheeler, John Campbell, Social media users",Science Feedback,Pfizer‚Äôs confidential document shows adverse events reported following vaccination; it doesn‚Äôt demonstrate that the vaccine caused the events or is unsafe,Misleading,2022-03-03 00:00:00,false,2022-03
"‚ÄúIf your roommate catches HIV, you will be exposed to it and will probably contract it too, given long enough.‚Äù",Facebook posts,PolitiFact,Living with someone who has HIV doesn‚Äôt mean you‚Äôll get it,False,2022-03-27 00:00:00,false,2022-03
George Soros said on CNN he helped overthrow the former Ukrainian president,Social media,USA Today,"Fact check: False claim about George Soros, Ukraine and CNN interview",False,2022-03-13 00:00:00,false,2022-03
